Plant Name,Disease Cured,Medicinal Benefits
Indian Mustard,Joint Pain,"Rich in omega-3 fatty acids, aids in digestion, anti-inflammatory properties."
Karanda,Anemia,"Antioxidant-rich, boosts immunity, treats anemia."
Lemon Mint,Respiratory disorders,"Antimicrobial properties, aids in digestion, relieves nausea."
Drumstick (Moringa),Malnutrition,"Rich in vitamins and minerals, reduces inflammation, improves heart health."
Oleander,Skin infections,Anti-inflammatory and antimicrobial properties (Caution: toxic if not used properly).
Jasmine,Stress,"Calms the nervous system, promotes better sleep, rejuvenates skin."
Basale (Malabar Spinach),Anemia,"Rich in iron and vitamins, supports digestion, promotes skin health."
Sandalwood,Skin disorders,"Soothes skin irritation, promotes relaxation, antimicrobial properties."
Jamun (Indian Blackberry), Sore throat,"Rich in antioxidants, regulates blood sugar, boosts immunity."
Rose Apple,Liver disorders,"Rich in vitamins, supports liver health, regulates blood sugar."
Guava,Diarrhea,"Rich in vitamin C, boosts immunity, supports heart health."
Betel, Oral infections,"Antiseptic properties, improves digestion, relieves congestion."
Parjatka (Night-Flowering Jasmine),Arthritis,"Anti-inflammatory properties, reduces fever, improves skin health."
Fenugreek, Inflammation,"Rich in fiber, lowers blood sugar levels, anti-inflammatory properties."
Aloe Vera,"Skin disorders, Burns","Soothes skin irritation, improves digestion, promotes wound healing."
Turmeric,Inflammation,"Rich in curcumin, anti-inflammatory, antioxidant properties."
Ginger,Nausea,"Aids digestion, relieves nausea, anti-inflammatory properties."
Garlic,"High blood pressure, Cholesterol","Boosts immunity, improves heart health, antimicrobial properties."
Lavender,Stress,"Promotes relaxation, improves sleep, soothes skin irritation."
Peppermint, Headaches,"Soothes stomach, relieves headaches, antimicrobial properties."
Neem,Dental issues,"Antiseptic properties, supports oral health, treats acne."
Coriander,High cholesterol,"Rich in antioxidants, aids digestion, lowers cholesterol."
Chamomile, Digestive issues,"Promotes relaxation, improves sleep, soothes the digestive system."
Fennel Seeds, Bloating,"Improves digestion, reduces bloating, rich in antioxidants."
Rosemary,Hair loss,"Improves memory, stimulates hair growth, antioxidant properties."
Basil,Respiratory disorders,"Boosts immunity, reduces stress, antimicrobial properties."
Sage,Memory loss,"Improves cognitive health, soothes sore throat, rich in antioxidants."
Mango,"Anemia, Digestive issues","Rich in iron and vitamins, supports digestion, boosts immunity."
Arive Dantu (Amaranth), Bone health issues,"Rich in calcium and iron, supports bone and blood health."
Roxburgh Fig,Diabetes,"Rich in fiber, regulates blood sugar, supports digestion."
Jackfruit,"Anemia, Digestive issues","Rich in vitamins, improves digestion, boosts energy."
Mexican Mint,Skin infections,"Antimicrobial properties, improves respiratory health, soothes skin irritation."
Tulsi,"Cough,cold","Tulsi boosts immunity,reduces stress improves respiratory health."
